SBO_Warit	2. Sales - AR	5. AR Down Payment Invoice	1.AR Down Payment_ใบเสร็จรับเงินมัดจำ	1.AR Down Payment_ENG ใบเสร็จรับเงินมัดจำ.rpt	40	7	2026-04-10	2026-06-22
SBO_Warit	2. Sales - AR	5. AR Down Payment Invoice	3.AR Down Payment Invoice_ใบแจ้งหนี้เงินค่ามัดจำใบกำกับภาษี	3.AR Down PaymentTax Invoice_ENG ใบแจ้งหนี้เงินค่ามัดจำใบกำกับภาษี.rpt	33	7	2026-04-10	2026-06-22
SBO_Warit	2. Sales - AR	5. AR Down Payment Invoice	2.AR Down PaymentTax Invoice_ใบเสร็จรับเงินมัดจำใบกำกับภาษี	2.AR Down PaymentTax Invoice_ENG ใบเสร็จรับเงินมัดจำใบกำกับภาษี.rpt	33	5	2026-04-10	2026-06-22
SBO_Warit	2. Sales - AR	2. Sales Order	1.Sale Order_ใบสั่งขาย_(Dis)	1.Sale Order_ใบสั่งขาย_(Dis).rpt	30	4	2026-04-10	2026-06-22
SBO_Warit	2. Sales - AR	1. Sales Quotation	2.Sale Quotation_ใบเสนอราคาขาย_(Dis)	1.Sale Quotation_ใบเสนอราคาขาย_(Dis) ENG.rpt	25	4	2026-04-10	2026-06-22
SBO_Warit	2. Sales - AR	3. Delivery	2.Delivery_ใบส่งของ_(Batch_Serial)	1.Delivery_ใบส่งของ_Eng (Batch_Serial).rpt	24	12	2026-04-10	2026-06-22
SBO_Warit	2. Sales - AR	6. AR Invoice	4.BillingAR InvoiceTax Invoice_ใบวางบิลใบแจ้งหนี้ใบกำกับภาษี (Dis)	4.BillingAR InvoiceTax Invoice_ENG ใบวางบิลใบแจ้งหนี้ใบกำกับภาษี (Dis).rpt	24	0	2026-04-10	2026-06-22
SBO_Warit	2. Sales - AR	4. Return	2.Retrun_ใบรับคืนสินค้า_(Batch_Serial)	1.Retrun_ใบรับคืนสินค้า_ENG (Batch_Serial).rpt	23	2	2026-04-10	2026-06-22
SBO_Warit	2. Sales - AR	5. AR Down Payment Invoice	3.AR Down Payment Invoice_ใบแจ้งหนี้เงินค่ามัดจำใบกำกับภาษี	3.AR Down PaymentTax Invoice_ใบแจ้งหนี้เงินค่ามัดจำใบกำกับภาษี.rpt	23	2	2026-04-10	2026-06-22
SBO_Warit	2. Sales - AR	1. Sales Quotation	2.Sale Quotation_ใบเสนอราคาขาย_(Dis)	1.Sale Quotation_ใบเสนอราคาขาย_(Dis).rpt	22	8	2026-04-10	2026-06-22
SBO_Warit	3. Purchasing - AP	3. Purchase Order	1.Purchase Order_TH_ใบสั่งซื้อ	1.Purchase Order_ENG_ใบสั่งซื้อ.rpt	22	6	2026-04-10	2026-07-27
SBO_Warit	4. Banking	1. Incoming Payments	1.Incoming Payments_ใบเสร็จรับเงิน	1.Incoming Payments_Eng ใบเสร็จรับเงิน.rpt	22	6	2026-04-10	2026-06-22
SBO_Warit	2. Sales - AR	4. Return	2.Retrun_ใบรับคืนสินค้า_(Batch_Serial)	1.Retrun_ใบรับคืนสินค้า_(Batch_Serial).rpt	22	4	2026-04-10	2026-06-22
SBO_Warit	2. Sales - AR	7. AR Credit Memo	4.AR_Credit Memo_ใบลดหนี้_(Batch_Serial) (Dis)	4.AR_Credit Memo_ใบลดหนี้_(Batch_Serial) (Dis).rpt	21	0	2026-04-10	2026-06-22
SBO_Warit	1. Financials		1.Journal Entry_ใบบันทึกรายการบัญชี	1.Journal Entry_ใบบันทึกรายการบัญชี.rpt	20	12	2026-04-10	2026-06-22
SBO_Warit	3. Purchasing - AP	4. Goods Receipt PO	2.Goods Receive PO_TH_ใบรับสินค้า_(Batch_Serial) - Copy	2.Goods Reciept PO_TH_ใบรับสินค้า_(Batch_Serial).rpt	20	7	2026-04-10	2026-06-22
SBO_Warit	2. Sales - AR	5. AR Down Payment Invoice	2.AR Down PaymentTax Invoice_ใบเสร็จรับเงินมัดจำใบกำกับภาษี	2.AR Down PaymentTax Invoice_ใบเสร็จรับเงินมัดจำใบกำกับภาษี.rpt	20	5	2026-04-10	2026-06-22
SBO_Warit	2. Sales - AR	6. AR Invoice	2.AR Invoice_ใบแจ้งหนี้_(Dis)	2.AR Invoice_ENG ใบแจ้งหนี้_(Dis).rpt	20	1	2026-04-10	2026-06-22
SBO_Warit	4. Banking	1. Incoming Payments	2.Incoming Payments_ใบเสร็จรับเงินใบกำกับภาษี	2.Incoming Payments_ ENG ใบเสร็จรับเงินใบกำกับภาษี.rpt	20	1	2026-04-10	2026-06-22
SBO_Warit	2. Sales - AR	6. AR Invoice	6.BillingAR Invoice_ใบวางบิลใบแจ้งหนี้ (Dis)	6.BillingAR Invoice_ENG ใบวางบิลใบแจ้งหนี้ (Dis).rpt	20	0	2026-04-10	2026-06-22
SBO_Warit	3. Purchasing - AP	2. Purchase Quotation	1.Purchase Quotation_ใบเสนอราคาซื้อ	1.Purchase Quotation_ใบเสนอราคาซื้อ.rpt	19	9	2026-04-10	2026-06-22
SBO_Warit	4. Banking	1. Incoming Payments	1.Incoming Payments_ใบเสร็จรับเงิน	1.Incoming Payments_ใบเสร็จรับเงิน.rpt	19	6	2026-04-10	2026-06-22
SBO_Warit	2. Sales - AR	7. AR Credit Memo	4.AR_Credit Memo_ใบลดหนี้_(Batch_Serial) (Dis)	4.AR_Credit Memo_ใบลดหนี้_ENG (Batch_Serial) (Dis).rpt	19	0	2026-04-10	2026-06-22
SBO_Warit	2. Sales - AR	3. Delivery	2.Delivery_ใบส่งของ_(Batch_Serial)	2.Delivery_ใบส่งของ_(Batch_Serial).rpt	18	9	2026-04-10	2026-06-22
SBO_Warit	3. Purchasing - AP	1. Purchase Request	1.Purchase Request_TH_ใบขอซื้อ	1.Purchase Request_TH_ใบขอซื้อ.rpt	18	8	2026-04-10	2026-07-27
SBO_Warit	3. Purchasing - AP	6. AP Down Payment Invoice	2.AP Down Payment Invoice_ใบจ่ายเงินมัดจำ_ใบแจ้งหนี้	2.AP Down Payment Invoice_ใบจ่ายเงินมัดจำใบกำกับภาษี.rpt	18	6	2026-04-10	2026-06-22
SBO_Warit	2. Sales - AR	6. AR Invoice	2.AR Invoice_ใบแจ้งหนี้_(Dis)	2.AR Invoice_ใบแจ้งหนี้_(Dis).rpt	18	3	2026-04-10	2026-06-22
SBO_Warit	2. Sales - AR	6. AR Invoice	4.BillingAR InvoiceTax Invoice_ใบวางบิลใบแจ้งหนี้ใบกำกับภาษี (Dis)	4.BillingAR InvoiceTax Invoice_ใบวางบิลใบแจ้งหนี้ใบกำกับภาษี (Dis).rpt	18	0	2026-04-10	2026-06-22
SBO_Warit	2. Sales - AR	6. AR Invoice	6.BillingAR Invoice_ใบวางบิลใบแจ้งหนี้ (Dis)	6.BillingAR Invoice_ใบวางบิลใบแจ้งหนี้ (Dis).rpt	18	0	2026-04-10	2026-06-22
SBO_Warit	2. Sales - AR	7. AR Credit Memo	2.AR_Credit Memo_ใบลดหนี้_(Dis)	2.AR_Credit Memo_ENG ใบลดหนี้_(Dis) แก้ไขยอดเงิน.rpt	18	0	2026-04-10	2026-06-22
SBO_Warit	5. Inventory	4. Inventory Transfer	2.Inventory Transfer_ใบโอนสินค้า(Batch_Serial)	2.Inventory Transfer_ใบโอนสินค้า.rpt	18	0	2026-04-10	2026-06-22
SBO_Warit	5. Inventory	4. Inventory Transfer	2.Inventory Transfer_ใบโอนสินค้า(Batch_Serial)	2.Inventory Transfer_ใบโอนสินค้า_TH_(Batch_Serial).rpt	18	0	2026-04-10	2026-06-22
SBO_Warit	4. Banking	2. Outgoing Payments	1.Outgoing Payments_ใบจ่ายชำระ	1.Outgoing Payments_ใบจ่ายชำระ.rpt	17	9	2026-04-10	2026-06-22
SBO_Warit	3. Purchasing - AP	3. Purchase Order	1.Purchase Order_TH_ใบสั่งซื้อ	1.Purchase Order_TH_ใบสั่งซื้อ.rpt	17	8	2026-04-10	2026-07-27
SBO_Warit	3. Purchasing - AP	5. Goods Return	2.Goods Return_EN_ใบส่งคืนสินค้า_(Batch_Serial)	2.Goods Return_TH_ใบส่งคืนสินค้า_(Batch_Serial).rpt	17	7	2026-04-10	2026-06-22
SBO_Warit	3. Purchasing - AP	6. AP Down Payment Invoice	1.AP Down Payment ใบจ่ายเงินมัดจำ	1.AP Down Payment_ENG ใบจ่ายเงินมัดจำ.rpt	17	2	2026-04-10	2026-06-22
SBO_Warit	3. Purchasing - AP	6. AP Down Payment Invoice	2.AP Down Payment Invoice_ใบจ่ายเงินมัดจำ_ใบแจ้งหนี้	2.AP Down Payment Invoice_ENG ใบจ่ายเงินมัดจำใบกำกับภาษี.rpt	17	2	2026-04-10	2026-06-22
SBO_Warit	2. Sales - AR	5. AR Down Payment Invoice	1.AR Down Payment_ใบเสร็จรับเงินมัดจำ	1.AR Down Payment_ใบเสร็จรับเงินมัดจำ.rpt	16	5	2026-04-10	2026-06-22
SBO_Warit	3. Purchasing - AP	6. AP Down Payment Invoice	1.AP Down Payment ใบจ่ายเงินมัดจำ	1.AP Down Payment_ใบจ่ายเงินมัดจำ.rpt	16	4	2026-04-10	2026-06-22
SBO_Warit	3. Purchasing - AP	8. AP Credit Memo	1.AP Credit Memo_ใบลดหนี้	1.AP Credit Memo_ใบลดหนี้.rpt	14	3	2026-04-10	2026-06-22
SBO_Warit	2. Sales - AR	7. AR Credit Memo	1.AR_Credit Memo_ใบลดหนี้ แก้ไขยอดเงิน	1.AR_Credit Memo_ENG ใบลดหนี้ แก้ไขยอดเงิน.rpt	14	0	2026-04-10	2026-06-22
SBO_Warit	2. Sales - AR	7. AR Credit Memo	2.AR_Credit Memo_ใบลดหนี้_(Dis)	2.AR_Credit Memo_ใบลดหนี้_(Dis) แก้ไขยอดเงิน.rpt	14	0	2026-04-10	2026-06-22
SBO_Warit	2. Sales - AR	7. AR Credit Memo	3.AR_Credit Memo_ใบลดหนี้_(Batch_Serial) แก้ไขยอดเงิน	3.AR_Credit Memo_ใบลดหนี้_ENG (Batch_Serial) แก้ไขยอดเงิน.rpt	14	0	2026-04-10	2026-06-22
SBO_Warit	2. Sales - AR	7. AR Credit Memo	1.AR_Credit Memo_ใบลดหนี้ แก้ไขยอดเงิน	1.AR_Credit Memo_ใบลดหนี้ แก้ไขยอดเงิน.rpt	13	2	2026-04-10	2026-06-22
SBO_Warit	2. Sales - AR	7. AR Credit Memo	3.AR_Credit Memo_ใบลดหนี้_(Batch_Serial) แก้ไขยอดเงิน	3.AR_Credit Memo_ใบลดหนี้_(Batch_Serial) แก้ไขยอดเงิน.rpt	13	2	2026-04-10	2026-06-22
SBO_Warit	4. Banking	1. Incoming Payments	2.Incoming Payments_ใบเสร็จรับเงินใบกำกับภาษี	2.Incoming Payments_ใบเสร็จรับเงินใบกำกับภาษี.rpt	12	3	2026-04-10	2026-06-22
SBO_Warit	5. Inventory	2. Goods Issue	2.Goods Issue_ใบเบิกสินค้า_(Batch_Serial)	2.Goods Issue_ใบเบิกสินค้า_(Batch_Serial).rpt	12	3	2026-04-10	2026-06-22
SBO_Warit	3. Purchasing - AP	7. AP Invoice	3.AP InvoiceTax Invoice_ใบแจ้งหนี้ใบกำกับภาษี	3.AP InvoiceTax Invoice_ใบแจ้งหนี้ใบกำกับภาษี(Batch_Serial).rpt	12	2	2026-04-10	2026-06-22
SBO_Warit	5. Inventory	1. Goods Receipt	2.Goods Receipt_ใบรับสินค้า_(Batch_Serial)	2.Goods Receipt_ENG ใบรับสินค้า_(Batch_Serial).rpt	12	1	2026-04-10	2026-06-22
SBO_Warit	5. Inventory	2. Goods Issue	2.Goods Issue_ใบเบิกสินค้า_(Batch_Serial)	2.Goods Issue_ใบเบิกสินค้า_ENG (Batch_Serial).rpt	12	1	2026-04-10	2026-06-22
SBO_Warit	5. Inventory	3. Inventory Transfer Request	1.Inventory Transfer Request_ใบขอโอนสินค้า	1.Inventory Transfer Request_ใบขอโอนสินค้า.rpt	11	4	2026-04-10	2026-06-22
SBO_Warit	5. Inventory	1. Goods Receipt	2.Goods Receipt_ใบรับสินค้า_(Batch_Serial)	2.Goods Receipt_ใบรับสินค้า_(Batch_Serial).rpt	11	3	2026-04-10	2026-06-22
SBO_Warit	3. Purchasing - AP	7. AP Invoice	2.AP Invoice_ใบแจ้งหนี้_(Batch_Serial)	2.AP Invoice_ใบแจ้งหนี้_(Batch_Serial).rpt	11	2	2026-04-10	2026-06-22
SBO_Warit	3. Purchasing - AP	7. AP Invoice	1.AP Invoice_ใบแจ้งหนี้	1.AP Invoice_ใบแจ้งหนี้.rpt	11	1	2026-04-10	2026-06-22
SBO_Warit	5. Inventory	1. Goods Receipt	1.Goods Receipt_ใบรับสินค้า	1.Goods Receipt_ใบรับสินค้า.rpt	11	0	2026-04-10	2026-06-22
SBO_Warit	3. Purchasing - AP	7. AP Invoice	4.AP Debit Note_ใบเพิ่มหนี้	4.AP Debit Note_ใบเพิ่มหนี้.rpt	10	2	2026-04-10	2026-06-22
SBO_Warit	3. Purchasing - AP	7. AP Invoice	3.AP InvoiceTax Invoice_ใบแจ้งหนี้ใบกำกับภาษี	3.AP InvoiceTax Invoice_ใบแจ้งหนี้ใบกำกับภาษี.rpt	10	1	2026-04-10	2026-06-22
SBO_Warit	4. Banking	2. Outgoing Payments	1.Outgoing Payments_ใบจ่ายชำระ	1.Outgoing Payments_ENG ใบจ่ายชำระ.rpt	9	3	2026-04-10	2026-06-22
SBO_Warit	5. Inventory	2. Goods Issue	1.Goods Issue_ใบเบิกสินค้า	1.Goods Issue_ENG ใบเบิกสินค้า.rpt	8	1	2026-04-10	2026-06-22
SBO_Warit	5. Inventory	6. Inventory Revaluation	2.Inventory Revaluation_ใบปรับมูลค่า_DebitCredit	2.Inventory Revaluation_ใบปรับมูลค่า_DebitCredit.rpt	7	2	2026-04-10	2026-06-22
SBO_Warit	5. Inventory	2. Goods Issue	1.Goods Issue_ใบเบิกสินค้า	1.Goods Issue_ใบเบิกสินค้า.rpt	7	1	2026-04-10	2026-06-22
SBO_Warit	5. Inventory	5. Inventory Counting	1.Inventory Counting_ใบตรวจนับสินค้า_Befor	1.Inventory Counting_ใบตรวจนับสินค้า_Befor.rpt	7	1	2026-04-10	2026-06-22
SBO_Warit	5. Inventory	1. Goods Receipt	1.Goods Receipt_ใบรับสินค้า	1.Goods Receipt_ENG ใบรับสินค้า.rpt	7	0	2026-04-10	2026-06-22
SBO_Warit	5. Inventory	5. Inventory Counting	2.Inventory Counting_ใบหลังตรวจนับสินค้า_After	2.Inventory Counting_ใบหลังตรวจนับสินค้า_After.rpt	6	1	2026-04-10	2026-06-22
SBO_Warit	5. Inventory	6. Inventory Revaluation	1.Inventory Revaluation_ใบปรับมูลค่า_Price	1.Inventory Revaluation_ใบปรับมูลค่า_Price.rpt	6	1	2026-04-10	2026-06-22
SBO_Warit	3. Purchasing - AP	9. Landed Costs	1.Landed Costs_ใบปรับราคาต้นทุนสินค้า	1.Landed Costs_ใบปรับราคาต้นทุนสินค้า.rpt	4	0	2026-04-10	2026-06-22
SBO_Warit	6. Production	1. Production Order	1.Production Order_ใบสั่งผลิต	1.Production Order_ใบสั่งผลิต.rpt	3	0	2026-04-10	2026-06-22
SBO_Warit	6. Production	2. Receipt from Production	1.Receipt from Production_ใบรับสินค้าจากการผลิต	1.Receipt from Production_ใบรับสินค้าจากการผลิต.rpt	3	0	2026-04-10	2026-06-22
SBO_Warit	6. Production	2. Receipt from Production	2.Receipt from Production_ใบรับสินค้าจากการผลิต_(Batch_Serial)	2.Receipt from Production_ใบรับสินค้าจากการผลิต_(Batch_Serial).rpt	3	0	2026-04-10	2026-06-22
SBO_Warit	6. Production	3. Issue for Production	1.Issue for Production_ใบเบิกวัตถุดิบเพื่อการผลิต	1.Issue for Production_ใบเบิกวัตถุดิบเพื่อการผลิต.rpt	3	0	2026-04-10	2026-06-22
SBO_Warit	6. Production	3. Issue for Production	2.Issue for Production_ใบเบิกวัตถุดิบเพื่อการผลิต_(Batch_Serial)	2.Issue for Production_ใบเบิกวัตถุดิบเพื่อการผลิต_(Batch_Serial).rpt	3	0	2026-04-10	2026-06-22
SBO_Warit	7.Fixed Asset		ทะเบียนสินทรัพย์	ทะเบียนสินทรัพย์.rpt	3	0	2026-04-10	2026-06-22
SBO_Warit	7.Fixed Asset		รายการขายทรัพย์สิน เรียงตามรหัสสินทรัพย์	รายการขายทรัพย์สิน เรียงตามรหัสสินทรัพย์.rpt	3	0	2026-04-10	2026-06-22
SBO_Warit	7.Fixed Asset		รายการสินทรัพย์เข้าใหม่ เรียงตามรหัสสินทรัพย์	รายการสินทรัพย์เข้าใหม่ เรียงตามรหัสสินทรัพย์.rpt	3	0	2026-04-10	2026-06-22
SBO_Warit	7.Fixed Asset		รายงานค่าเสื่อมประจำเดือน สรุปตามกลุ่มสินทรัพย์	รายงานค่าเสื่อมประจำเดือน สรุปตามกลุ่มสินทรัพย์.rpt	3	0	2026-04-10	2026-06-22
